target,tic_id,label,period_d,t0_bjd,duration_hr,depth_ppm,tmag,n_epochs_proxy
TOI-1055.01,TIC 320004517,planet,17.4713078,2458661.062711,4.4284819,1199.7541483,8.0888,7.841427875250414
TOI-4411.01,TIC 366484980,planet,13.7748361,2460236.627901,4.454,309.0,9.15722,13.923940626778128
TOI-669.01,TIC 124573851,planet,3.9451359,2460013.733784,2.424,841.0,10.1755,27.781045514807232
TOI-1290.01,TIC 417676622,planet,5.3987355,2460551.373546,3.127,352.0,9.50898,55.82788784521857
TOI-1693.01,TIC 353475866,planet,1.766692,2458817.684965,1.4196682,830.5082973,10.6714,93.05526939613696
TOI-2459.01,TIC 192790476,planet,19.1047019,2458452.334564,3.2516728,1906.0596245,9.3951,8.60521147414501
TOI-5097.01,TIC 203214081,planet,5.7459945,2460261.803357,1.185,3650.0,11.5219,19.07415678869863
TOI-1472.01,TIC 306955329,planet,6.3634106,2459885.568784,2.692302,2368.6952027,10.5508,21.529335227872927
TOI-1931.01,TIC 162922904,planet,3.8186276,2459331.431765,4.282,3240.0,12.0233,35.87676368337148
TOI-2267.01,TIC 459837008,planet,3.4950422,2458816.152459,1.0311342,2004.426903,12.2591,94.07611730696698
TOI-2147.01,TIC 341630071,planet,26.2049782,2459599.176807,5.8635323,5593.1821784,10.7047,6.273617125161355
TOI-3666.01,TIC 346626688,planet,4.4085194,2459886.331856,3.3016793,8977.0354304,11.4453,12.430477225528367
TOI-1914.01,TIC 53750200,planet,4.1933422,2459232.244495,1.8220996,4804.157266,12.2309,19.6025022713386
TOI-4486.01,TIC 99224131,planet,2.6915408,2460558.071975,3.986,7265.0,9.93225,40.72017039459331
TOI-2193.01,TIC 401604346,planet,2.1223673,2459037.564542,1.5855365,8056.3340252,11.3996,77.4606732774294
TOI-5673.01,TIC 175772482,planet,2.8386215,2459695.204858,2.332647,15270.0987848,12.2688,9.65257256030788
TOI-6838.01,TIC 278892590,planet,1.5109447,2460209.808352,0.6401499,10693.4881603,13.8529,18.134349986468727
TOI-624.01,TIC 399870368,planet,2.7443216,2459197.007544,3.42,10071.0,9.3371,19.968505148959217
TOI-6720.01,TIC 281541545,planet,4.1470359,2460158.117981,2.3197694,12886.987991,13.7813,46.249901043779246
TOI-1612.01,TIC 268403451,planet,2.8641388,2460334.805905,2.417,9597.0,10.0521,114.79890569549212
TOI-5344.01,TIC 16005254,planet,3.7927572,2459522.82521,1.47,24440.0,13.2239,7.224295823629311
TOI-4592.01,TIC 122785299,planet,8.8849511,2459392.140389,1.9958507,16966.9658671,14.575,18.503196939373137
TOI-530.01,TIC 387690507,planet,6.3875739,2458470.202595,2.5660579,23994.2960408,13.5287,30.02704986317262
TOI-5093.01,TIC 63189173,planet,2.2984058,2459501.001669,2.0873186,30832.0537335,12.8033,47.68522599446973
TOI-839.01,TIC 466840711,planet,2.4855428,2458571.553691,2.7385746,17549.6797518,14.1491,77.16624312403712
TOI-5678.01,TIC 209464063,planet,119.3355264,2459140.665271,6.863,2400.0,10.6691,0.918418875805956
TOI-1430.01,TIC 293954617,planet,7.4341456,2460549.311109,2.424,701.0,8.3879,44.2283508679195
TOI-5797.01,TIC 374530847,planet,2.152163,2459770.231395,1.7531966,16986.633013,10.9984,25.462755376799997
TOI-2796.01,TIC 220076110,planet,4.808498,2459189.97794,1.405,11010.0,11.916,5.698245065298976
TOI-4737.01,TIC 142532090,planet,9.3202467,2459222.401832,4.963,2200.0,11.992,2.9398363457482297
TOI-481.01,TIC 339672028,planet,10.3311621,2460970.45735,5.626,4577.0,9.3935,68.9564245633122
TOI-3071.01,TIC 452006073,planet,1.2669382,2459331.967282,1.93,2580.0,11.8706,86.50777125514094
TOI-4462.01,TIC 76420654,planet,4.9133022,2459789.419251,5.159,2040.0,10.445,11.153394961132248
TOI-2386.01,TIC 32487566,planet,2.7567395,2459090.383107,2.3808565,9248.4759918,10.5853,9.93927790420531
TOI-5087.01,TIC 18310799,planet,17.3070631,2460253.01276,3.646,1909.0,10.1192,4.749505997929827
TOI-2206.01,TIC 381856447,planet,1.7690121,2459037.77354,1.0172953,10110.2139841,10.7218,92.933225273021
TOI-2207.01,TIC 90850770,planet,8.000489,2459043.770189,4.6706895,4606.7419685,10.9651,10.274371979012782
TOI-892.01,TIC 66561343,planet,10.6265837,2459219.552074,5.415,7530.0,10.9739,5.15687840486308
TOI-5806.01,TIC 283621618,planet,3.1856488,2459850.812572,1.304,4750.0,8.2942,17.20214733023929
TOI-656.01,TIC 36734222,planet,0.8134733,2458543.604633,1.262964,25866.83474,11.1184,168.41364061979664
TOI-2061.01,TIC 327577308,not_planet,1.45655,2458766.42545,1.51,580.0,10.636,0.0
TOI-5784.01,TIC 302814895,not_planet,8.6800186,2459795.90211,2.41,870.0,9.96017,6.313350526691267
TOI-6024.01,TIC 56231866,not_planet,2.7218347,2460605.495796,1.663,560.0,9.3185,20.13347834826266
TOI-2448.01,TIC 231721005,not_planet,9.0182016,2460121.423199,3.08,492.0,10.0039,30.382997869553066
TOI-918.01,TIC 294869729,not_planet,1.1140067,2459199.904943,3.072,410.0,11.2716,295.1508280874792
TOI-1587.01,TIC 458914949,not_planet,12.5343031,2459924.681114,4.572,1517.0,10.2543,0.0
TOI-1100.01,TIC 318608749,not_planet,20.0731588,2459044.494531,3.8449215,1152.9645461,10.5135,5.460027546835328
TOI-600.01,TIC 134396419,not_planet,4.3652608,2459984.851254,1.976,1362.0,10.2681,12.553660024161672
TOI-1956.01,TIC 334911765,not_planet,0.88958,2458600.59694,1.844,1240.0,10.4877,30.801052181928547
TOI-1715.01,TIC 142090065,not_planet,2.8269356,2459738.517459,1.1692366,950.9544382,9.01249,106.61721476782137
TOI-4222.01,TIC 318054782,not_planet,0.8335712,2459226.922752,1.509,3340.0,12.9913,0.0
TOI-2418.01,TIC 65347776,not_planet,25.86696,2459133.37121,4.923,2240.0,10.9166,2.118532676433566
TOI-5434.01,TIC 307377219,not_planet,4.1629444,2459542.814078,2.064,3670.0,12.4151,13.163759765804222
TOI-6116.01,TIC 364408162,not_planet,3.1256662,2459848.690225,2.903,4065.0,11.785,35.06452480434411
TOI-3153.01,TIC 466318137,not_planet,1.1216021,2460014.80544,1.6434889,3599.1066292,11.2789,48.85868170182634
TOI-1118.01,TIC 90919952,not_planet,4.13812,2458660.16316,3.911,5560.0,10.5084,0.0
TOI-3581.01,TIC 295413003,not_planet,3.0373017,2458757.57084,4.664,6290.0,12.9875,9.021165068982116
TOI-848.01,TIC 42015200,not_planet,9.77742,2458391.66318,6.713,6740.0,11.6818,11.209501074925695
TOI-3753.01,TIC 467783290,not_planet,3.6502527,2459521.512909,2.506,9000.0,12.4332,30.02531852109855
TOI-646.01,TIC 238197709,not_planet,13.7252522,2459184.759271,3.1694157,4945.7679342,10.3001,57.89328956738586
TOI-3323.01,TIC 305512837,not_planet,3.0223957,2459386.357734,3.272,14800.0,12.7316,0.0
TOI-3216.01,TIC 306547699,not_planet,2.6985136,2459356.241304,4.856,13510.0,13.1235,10.15373796893223
TOI-6874.01,TIC 4426490,not_planet,2.668957,2460235.021932,2.7508738,17029.8720026,12.1616,20.53236526478321
TOI-1645.01,TIC 184679932,not_planet,2.1721416,2458791.425546,2.7480823,17864.5520776,9.25319,37.84283676533795
TOI-4858.01,TIC 262499797,not_planet,1.7509117,2459963.283806,1.4130673,70067.1013669,14.8083,172.13889198410175
TOI-221.01,TIC 316937670,not_planet,0.62425,2458325.342966,0.774288,954.060325,12.1535,131.6780136163396
TOI-1556.01,TIC 405794804,not_planet,1.44127,2458740.21873,2.605,2750.0,9.79455,0.0
TOI-2744.01,TIC 279989567,not_planet,0.787177,2459226.18852,1.515,1350.0,11.4746,34.80792756902196
TOI-313.01,TIC 9102327,not_planet,3.2615,2458354.54332,2.233,1652.28,11.3018,0.0
TOI-5787.01,TIC 446616059,not_planet,3.1072375,2460530.955198,4.485,737.0,9.77017,8.81812220662244
TOI-1403.01,TIC 328750515,not_planet,2.3359622,2459825.344785,6.0165684,3066.2492749,10.7387,58.64820929037293
TOI-1188.01,TIC 15247229,not_planet,8.5112,2458687.19253,3.486,4172.76,9.886581,3.219287527023216
TOI-868.01,TIC 271596418,not_planet,0.556109,2458325.748771,1.096708,172.860189,10.7109,1576.6693220214022
TOI-1964.01,TIC 242083025,not_planet,0.6466988,2459307.492086,1.0248899,1063.700888,10.7892,169.4761146920328
TOI-3672.01,TIC 50943163,not_planet,2.4254068,2458810.750472,3.323,1910.0,11.2351,0.0
TOI-1536.01,TIC 445137888,not_planet,2.013653,2459882.951315,2.1214907,822.8974252,10.3654,13.607111056373665
TOI-7345.01,TIC 243283955,not_planet,8.407133,2460570.743707,1.272,1490.0,11.9125,0.0
TOI-3357.01,TIC 412259468,not_planet,2.6535777,2459229.684104,2.1014914,1446.2753601,11.0285,30.97704657376341
TOI-3742.01,TIC 286696848,not_planet,8.9279009,2458835.622721,3.278,49560.0,12.8814,6.138060963467908
TOI-6650.03,TIC 64837857,not_planet,8.9965133,2460599.086821,2.842,988.0,10.0252,12.182497412636517
