target,mode,status,error_message,ephem_source,ephem_period_d,ephem_t0_btjd,ephem_duration_hr,n_fit_points,lsq_ok,lsq_depth_ppm,lsq_duration_hr,lsq_impact_b,lsq_rp_over_rs,lsq_q1,lsq_q2,boundary_pinned_ld,boundary_pinned_ld_note,lsq_boot_n,lsq_boot_n_ok_iid,lsq_boot_n_ok_block,lsq_boot_block_len,lsq_boot_depth_ppm_block_med,lsq_boot_depth_ppm_block_lo,lsq_boot_depth_ppm_block_hi,lsq_boot_duration_hr_block_med,lsq_boot_duration_hr_block_lo,lsq_boot_duration_hr_block_hi,lsq_boot_rp_over_rs_block_med,lsq_boot_rp_over_rs_block_lo,lsq_boot_rp_over_rs_block_hi,lsq_boot_impact_b_block_med,lsq_boot_impact_b_block_lo,lsq_boot_impact_b_block_hi,lsq_boot_depth_ppm_iid_med,lsq_boot_depth_ppm_iid_lo,lsq_boot_depth_ppm_iid_hi,lsq_boot_duration_hr_iid_med,lsq_boot_duration_hr_iid_lo,lsq_boot_duration_hr_iid_hi,lsq_boot_rp_over_rs_iid_med,lsq_boot_rp_over_rs_iid_lo,lsq_boot_rp_over_rs_iid_hi,lsq_boot_impact_b_iid_med,lsq_boot_impact_b_iid_lo,lsq_boot_impact_b_iid_hi,posterior_diagnostic_note,mcmc_converged,mcmc_acceptance,mcmc_tau_max,mcmc_n_samples,period_med,period_lo,period_hi,t0_med,t0_lo,t0_hi,rp_over_rs_med,rp_over_rs_lo,rp_over_rs_hi,a_over_rs_med,a_over_rs_lo,a_over_rs_hi,inc_deg_med,inc_deg_lo,inc_deg_hi,impact_b_med,impact_b_lo,impact_b_hi,depth_ppm_med,depth_ppm_lo,depth_ppm_hi,duration_hr_med,duration_hr_lo,duration_hr_hi,u1_med,u1_lo,u1_hi,u2_med,u2_lo,u2_hi,snr_matched_filter,fap_iid,fap_block,fap_iid_gpd,fap_block_gpd,fap_iid_gpd_log10,fap_block_gpd_log10,gpd_iid_validation_maxdiff,gpd_block_validation_maxdiff,null_iid_p99,null_block_p99,block_len_cadences,n_boot,n_epochs,conformal_depth_ppm,conformal_half_width_ppm,conformal_lo_ppm,conformal_hi_ppm,conformal_note
TOI-700,core,ok,,bls_ephemeris.json,16.051005100510054,1340.0854950150028,0.8640000000000001,619,True,2371.70,1.0928,0.0027,0.04427,,,,,300,300,300,26,2056.34841,214.77864,275.14708,1.08497,0.03050,0.02436,0.04167,0.00224,0.00230,0.02549,0.02457,0.22672,2078.72470,201.25544,262.15627,1.07997,0.02965,0.02642,0.04177,0.00216,0.00218,0.02612,0.02501,0.19978,"MCMC posterior below is SECONDARY/exploratory, NOT the primary uncertainty. 4 convergence attempts (emcee x3 parametrizations, dynesty nested sampling) all failed to converge -- points to a real transit-geometry degeneracy (a_over_rs/b, then rp_over_rs/b under dynesty), not a fixable sampler issue. See results/module3_convergence_diagnosis.md. Primary uncertainty is lsq_boot_* (parametric residual bootstrap on the LSQ fit).",False,0.2746,258.98,1184,16.050373,0.000497,0.000571,1340.090985,0.002428,0.002331,0.045836,0.003676,0.005947,92.793938,32.315959,19.093268,89.664077,0.476389,0.240285,0.547437,0.365919,0.311367,2376.345582,199.834226,211.930833,1.168611,0.079583,0.121034,0.584573,0.381074,0.532200,0.039456,0.407196,0.415146,16.7907,0.000500,0.000500,1.39946e-17,9.62173e-17,-16.854,-16.017,0.00259,0.00425,1.9882,2.0713,26,2000,4,2760.21,542.86,2217.35,3303.06,n=4 too small for exact 90% level; using max score (conservative)
TOI-1338,core,ok,,bls_ephemeris.json,14.60831083108311,1424.4718475503978,4.272,4000,True,61658.36,5.6909,0.0015,0.22329,,,,,300,300,300,128,61656.92680,195.21979,194.28756,5.69146,0.02051,0.01600,0.22337,0.00055,0.00126,0.00150,0.00001,0.13316,61632.63731,127.20425,97.28100,5.69086,0.02173,0.01614,0.22329,0.00044,0.00192,0.00150,0.00000,0.13817,"MCMC posterior below is SECONDARY/exploratory, NOT the primary uncertainty. 4 convergence attempts (emcee x3 parametrizations, dynesty nested sampling) all failed to converge -- points to a real transit-geometry degeneracy (a_over_rs/b, then rp_over_rs/b under dynesty), not a fixable sampler issue. See results/module3_convergence_diagnosis.md. Primary uncertainty is lsq_boot_* (parametric residual bootstrap on the LSQ fit).",False,0.3350,282.40,1088,14.608678,0.000056,0.000051,1424.471919,0.000187,0.000210,0.233319,0.001396,0.001245,24.822941,0.146226,0.122750,89.684459,0.118715,0.171702,0.137502,0.074658,0.050802,61846.961162,160.784403,155.469970,5.511552,0.015401,0.019316,0.417355,0.048687,0.042748,-0.063295,0.107844,0.126432,661.8925,0.000500,0.000500,0,0,-583.073,-589.155,0.00514,0.00361,2.6601,2.9185,128,2000,7,62065.69,16808.42,45257.27,78874.10,n=7 too small for exact 90% level; using max score (conservative)
Pi Mensae,core,ok,,bls_ephemeris.json,27.214921492149216,1339.6029604950604,2.4000000000000004,258,True,3795.19,2.2187,0.0000,0.05615,,,,,300,300,300,64,3806.63593,21.04545,57.08502,2.21858,0.03353,0.01613,0.05626,0.00024,0.00122,0.00009,0.00009,0.21599,3816.55333,88.89162,97.49921,2.20787,0.03188,0.02591,0.05652,0.00073,0.00127,0.00071,0.00070,0.27424,"MCMC posterior below is SECONDARY/exploratory, NOT the primary uncertainty. 4 convergence attempts (emcee x3 parametrizations, dynesty nested sampling) all failed to converge -- points to a real transit-geometry degeneracy (a_over_rs/b, then rp_over_rs/b under dynesty), not a fixable sampler issue. See results/module3_convergence_diagnosis.md. Primary uncertainty is lsq_boot_* (parametric residual bootstrap on the LSQ fit).",False,0.3115,202.76,1504,27.232001,0.011467,0.013376,1339.559641,0.040250,0.034286,0.063330,0.001374,0.001688,52.699938,3.350061,3.860012,89.063291,0.082051,0.082516,0.862036,0.021120,0.018111,3834.352317,83.468105,93.325538,2.454689,0.085637,0.082628,0.216605,0.158454,0.266025,0.001478,0.166722,0.198095,113.6262,0.000500,0.000500,1.59556e-98,6.66259e-180,-97.797,-179.176,0.00367,0.00440,1.6868,1.4261,50,2000,1,3827.27,,,,need >=4 epochs for a calibrated interval
V1828 Aql,core,ok,,bls_ephemeris.json,0.6622662266226622,2770.3936436382623,0.48,4000,True,44468.13,0.3711,0.0010,0.15172,,,,,300,300,300,29,44468.12881,0.00367,0.00503,0.37105,0.00000,0.00000,0.15172,0.00000,0.00012,0.00100,0.00000,0.00000,44468.12883,0.00281,0.00431,0.37105,0.00000,0.00000,0.15172,0.00000,0.00270,0.00100,0.00000,0.00000,"MCMC posterior below is SECONDARY/exploratory, NOT the primary uncertainty. 4 convergence attempts (emcee x3 parametrizations, dynesty nested sampling) all failed to converge -- points to a real transit-geometry degeneracy (a_over_rs/b, then rp_over_rs/b under dynesty), not a fixable sampler issue. See results/module3_convergence_diagnosis.md. Primary uncertainty is lsq_boot_* (parametric residual bootstrap on the LSQ fit).",False,0.2722,364.79,832,0.662245,0.000000,0.000000,2770.397519,0.000044,0.000041,0.549930,0.122181,0.211549,35.488824,1.233744,2.092322,88.837075,0.347006,0.369653,0.717940,0.240831,0.268005,234716.253769,4855.597368,4724.783963,0.196199,0.003064,0.005344,1.560799,0.303810,0.223984,-0.660331,0.184497,0.295700,61.9319,0.000500,0.000500,4.51066e-58,6.76724e-35,-57.346,-34.170,0.00378,0.00362,2.7826,4.5316,29,2000,18,216674.92,133956.81,82718.11,350631.73,
TOI-5788 b,benchmark,ok,,NASA Exoplanet Archive,6.340758,2611.7425000001676,3.341,4000,True,131.05,3.1703,0.7011,0.01144,0.01001,0.98657,True,"q1, q2 pinned within 0.01 of a prior bound (q1=0.0100, q2=0.9866 -> u1=0.197, u2=-0.097). LSQ/bootstrap likely fitting an unphysical LD shape to compensate for a model mismatch (e.g. grazing/blended/EB geometry); the lsq_boot_* interval for this target may be an artificially tight numerical artifact, not genuine precision -- see results/module3_convergence_diagnosis.md.",300,300,300,100,131.05750,13.17669,81.83004,3.17032,0.20286,0.12775,0.01144,0.00078,0.00339,0.70115,0.12282,0.04868,131.06490,26.06840,98.09565,3.17032,0.13784,0.22063,0.01144,0.00117,0.00362,0.70115,0.11044,0.05863,"MCMC posterior below is SECONDARY/exploratory, NOT the primary uncertainty. 4 convergence attempts (emcee x3 parametrizations, dynesty nested sampling) all failed to converge -- points to a real transit-geometry degeneracy (a_over_rs/b, then rp_over_rs/b under dynesty), not a fixable sampler issue. See results/module3_convergence_diagnosis.md. Primary uncertainty is lsq_boot_* (parametric residual bootstrap on the LSQ fit).",False,0.1688,346.35,864,6.330768,0.086105,0.085346,2611.740992,0.090011,0.094812,0.485534,0.331778,0.296266,11.830661,4.766482,12.435143,87.342587,5.780844,1.926897,0.657116,0.428665,0.553257,107078.118308,98883.625136,263654.214549,4.695141,2.349573,2.607651,0.588124,0.407439,0.651852,0.013570,0.492856,0.432984,,,,,,,,,,nan,nan,,,0,,,,,need >=4 epochs for a calibrated interval
TOI-1860 b,benchmark,ok,,NASA Exoplanet Archive,1.0662107,1683.6041000001132,1.142,4000,True,95.02,1.1270,0.1454,0.00954,0.05458,0.05353,False,,300,300,300,9,93.63858,36.70626,1.38164,1.12702,0.02425,0.01669,0.00922,0.00193,0.00032,0.14538,0.14129,0.09531,95.01198,33.34211,0.00824,1.12702,0.02843,0.01374,0.00935,0.00196,0.00018,0.14538,0.12414,0.06437,"MCMC posterior below is SECONDARY/exploratory, NOT the primary uncertainty. 4 convergence attempts (emcee x3 parametrizations, dynesty nested sampling) all failed to converge -- points to a real transit-geometry degeneracy (a_over_rs/b, then rp_over_rs/b under dynesty), not a fixable sampler issue. See results/module3_convergence_diagnosis.md. Primary uncertainty is lsq_boot_* (parametric residual bootstrap on the LSQ fit).",False,0.3153,176.43,1728,1.066191,0.000052,0.000054,1683.604274,0.005078,0.005209,0.009215,0.001375,0.001433,5.604768,1.960870,1.442432,85.201186,8.378658,3.401934,0.512471,0.339221,0.339579,92.683452,22.204815,21.847929,1.234404,0.186642,0.180967,0.520314,0.376352,0.592684,0.030262,0.390234,0.419074,7.9946,0.000500,0.000500,1.73109e-07,5.86207e-08,-6.762,-7.232,0.00570,0.00485,2.3892,2.2525,9,2000,87,150.85,274.18,-123.33,425.04,
TOI-2193 A b,benchmark,ok,,NASA Exoplanet Archive,2.1225735,2052.421219999902,1.64688,4000,True,783.28,1.2182,0.0014,0.02040,0.89591,0.98580,True,"q2 pinned within 0.01 of a prior bound (q1=0.8959, q2=0.9858 -> u1=1.866, u2=-0.920). LSQ/bootstrap likely fitting an unphysical LD shape to compensate for a model mismatch (e.g. grazing/blended/EB geometry); the lsq_boot_* interval for this target may be an artificially tight numerical artifact, not genuine precision -- see results/module3_convergence_diagnosis.md.",300,300,300,42,783.27582,132.03955,111.64968,1.21820,0.17311,0.01937,0.02040,0.00038,0.00442,0.00142,0.00000,0.04329,783.27582,130.00306,79.68296,1.21820,0.14160,0.02598,0.02040,0.00062,0.00350,0.00142,0.00000,0.00393,"MCMC posterior below is SECONDARY/exploratory, NOT the primary uncertainty. 4 convergence attempts (emcee x3 parametrizations, dynesty nested sampling) all failed to converge -- points to a real transit-geometry degeneracy (a_over_rs/b, then rp_over_rs/b under dynesty), not a fixable sampler issue. See results/module3_convergence_diagnosis.md. Primary uncertainty is lsq_boot_* (parametric residual bootstrap on the LSQ fit).",False,0.1350,431.02,704,2.120475,0.014894,0.022477,2052.425271,0.047926,0.044098,0.018531,0.012346,0.014512,8.294044,4.635587,6.804394,86.624016,9.472242,2.598621,0.533947,0.353573,0.375139,295.044620,258.116745,823.732336,1.433243,0.507397,1.735364,0.709425,0.471170,0.607021,-0.112076,0.383154,0.474885,-1.1186,0.952024,0.950525,0.952024,0.950525,-0.021,-0.022,0.00682,0.00560,2.7824,2.7688,42,2000,18,0.00,1376.45,-1376.45,1376.45,
TOI-2431 b,benchmark,ok,,NASA Exoplanet Archive,0.22419578,3258.868549999781,0.292,4000,True,38.47,0.2904,0.8567,0.00628,0.01074,0.94146,True,"q1 pinned within 0.01 of a prior bound (q1=0.0107, q2=0.9415 -> u1=0.195, u2=-0.092). LSQ/bootstrap likely fitting an unphysical LD shape to compensate for a model mismatch (e.g. grazing/blended/EB geometry); the lsq_boot_* interval for this target may be an artificially tight numerical artifact, not genuine precision -- see results/module3_convergence_diagnosis.md.",300,300,300,5,38.47242,35.62257,0.00023,0.29038,0.06150,0.00523,0.00628,0.00453,0.00000,0.85672,0.17070,0.00207,38.47242,34.76929,0.00004,0.29038,0.04212,0.00892,0.00628,0.00434,0.00000,0.85672,0.14634,0.00000,"MCMC posterior below is SECONDARY/exploratory, NOT the primary uncertainty. 4 convergence attempts (emcee x3 parametrizations, dynesty nested sampling) all failed to converge -- points to a real transit-geometry degeneracy (a_over_rs/b, then rp_over_rs/b under dynesty), not a fixable sampler issue. See results/module3_convergence_diagnosis.md. Primary uncertainty is lsq_boot_* (parametric residual bootstrap on the LSQ fit).",False,0.1833,347.03,864,0.224430,0.003262,0.002866,3258.868745,0.008386,0.008058,0.005356,0.002985,0.005363,3.462244,1.190250,3.484180,83.568491,13.835690,4.842892,0.485097,0.339206,0.356358,30.860553,24.209471,83.720024,0.390068,0.203358,0.229892,0.627021,0.418045,0.642072,-0.004259,0.461349,0.423046,-2.4347,0.990005,0.987506,0.990005,0.987506,-0.004,-0.005,0.00278,0.00177,2.0662,2.0216,5,2000,47,-328.63,1671.38,-2000.01,1342.75,
HD 108236 c,benchmark,ok,,NASA Exoplanet Archive,6.203449,1770.9058599998243,2.86,4000,True,26.10,2.9896,0.8951,0.00629,0.98522,0.53054,True,"q1 pinned within 0.01 of a prior bound (q1=0.9852, q2=0.5305 -> u1=1.053, u2=-0.061). LSQ/bootstrap likely fitting an unphysical LD shape to compensate for a model mismatch (e.g. grazing/blended/EB geometry); the lsq_boot_* interval for this target may be an artificially tight numerical artifact, not genuine precision -- see results/module3_convergence_diagnosis.md.",300,300,300,114,40.87792,32.33746,77.21065,2.98871,1.15551,0.71936,0.00790,0.00400,0.00700,0.90161,0.00656,0.07539,46.32224,38.71287,90.91237,2.98892,1.13142,0.60145,0.00881,0.00488,0.00700,0.90210,0.00709,0.07069,"MCMC posterior below is SECONDARY/exploratory, NOT the primary uncertainty. 4 convergence attempts (emcee x3 parametrizations, dynesty nested sampling) all failed to converge -- points to a real transit-geometry degeneracy (a_over_rs/b, then rp_over_rs/b under dynesty), not a fixable sampler issue. See results/module3_convergence_diagnosis.md. Primary uncertainty is lsq_boot_* (parametric residual bootstrap on the LSQ fit).",False,0.1754,398.52,768,6.175958,0.064729,0.119072,1770.896987,0.077118,0.087965,0.557225,0.353637,0.234025,13.308452,5.096245,14.577955,87.601988,4.824688,1.787337,0.691147,0.461408,0.529353,132163.204010,116515.535544,291265.044013,4.229979,2.041241,2.043711,0.616415,0.450269,0.577347,-0.025861,0.425318,0.433219,,,,,,,,,,nan,nan,,,0,,,,,need >=4 epochs for a calibrated interval
TOI-2411 b,benchmark,ok,,NASA Exoplanet Archive,0.7826942,2116.0139000001363,1.0403706,4000,True,0.43,2.2513,0.9707,0.00151,0.98530,0.89392,True,"q1 pinned within 0.01 of a prior bound (q1=0.9853, q2=0.8939 -> u1=1.775, u2=-0.782). LSQ/bootstrap likely fitting an unphysical LD shape to compensate for a model mismatch (e.g. grazing/blended/EB geometry); the lsq_boot_* interval for this target may be an artificially tight numerical artifact, not genuine precision -- see results/module3_convergence_diagnosis.md.",300,300,300,10,115.56396,114.87016,692.02928,1.53642,0.71192,0.72190,0.01585,0.01444,0.02871,0.96486,0.17375,0.00912,110.03507,109.00402,550.72873,1.48138,0.68247,0.66503,0.02004,0.01860,0.02379,0.96304,0.16893,0.01148,"MCMC posterior below is SECONDARY/exploratory, NOT the primary uncertainty. 4 convergence attempts (emcee x3 parametrizations, dynesty nested sampling) all failed to converge -- points to a real transit-geometry degeneracy (a_over_rs/b, then rp_over_rs/b under dynesty), not a fixable sampler issue. See results/module3_convergence_diagnosis.md. Primary uncertainty is lsq_boot_* (parametric residual bootstrap on the LSQ fit).",False,0.1757,368.93,832,0.782516,0.011258,0.010474,2116.015199,0.029719,0.029916,0.007824,0.004639,0.005559,3.221157,1.074845,2.837655,82.657253,14.462531,5.378495,0.536173,0.372917,0.308241,64.290935,52.841255,116.865719,1.493655,0.757512,0.792847,0.662665,0.481383,0.650211,-0.045594,0.449270,0.482617,0.0000,0.499250,0.489255,0.49925,0.489255,-0.302,-0.310,0.00276,0.00314,2.3646,2.3422,10,2000,11,0.00,0.00,0.00,0.00,
TOI-6651 b,benchmark,ok,,NASA Exoplanet Archive,5.056973,2857.7116000000387,3.61,4000,True,105.22,3.5096,0.7717,0.01041,0.07623,0.98510,True,"q2 pinned within 0.01 of a prior bound (q1=0.0762, q2=0.9851 -> u1=0.544, u2=-0.268). LSQ/bootstrap likely fitting an unphysical LD shape to compensate for a model mismatch (e.g. grazing/blended/EB geometry); the lsq_boot_* interval for this target may be an artificially tight numerical artifact, not genuine precision -- see results/module3_convergence_diagnosis.md.",300,300,300,162,105.31118,0.12387,74.81810,3.50962,0.12784,0.16468,0.01042,0.00001,0.00299,0.77174,0.05536,0.02565,105.24550,3.43340,61.69107,3.50962,0.09860,0.15414,0.01042,0.00028,0.00271,0.77174,0.05836,0.01007,"MCMC posterior below is SECONDARY/exploratory, NOT the primary uncertainty. 4 convergence attempts (emcee x3 parametrizations, dynesty nested sampling) all failed to converge -- points to a real transit-geometry degeneracy (a_over_rs/b, then rp_over_rs/b under dynesty), not a fixable sampler issue. See results/module3_convergence_diagnosis.md. Primary uncertainty is lsq_boot_* (parametric residual bootstrap on the LSQ fit).",False,0.1686,370.19,800,5.063333,0.067383,0.071369,2857.720631,0.111587,0.093888,0.556379,0.330723,0.228773,9.233580,4.232297,9.532518,86.369861,8.991128,2.630285,0.747445,0.500488,0.507813,122499.315055,110569.799656,296556.970950,5.190361,2.691990,2.755431,0.528632,0.384681,0.648663,0.023321,0.419592,0.451412,,,,,,,,,,nan,nan,,,0,,,,,need >=4 epochs for a calibrated interval
TOI-4311 c,benchmark,ok,,NASA Exoplanet Archive,15.070425,1394.7242000000551,3.8675641,3499,True,380.97,3.6607,0.6066,0.01857,0.41780,0.46642,False,,300,300,300,116,380.88494,63.85740,20.26966,3.66070,0.14312,0.11961,0.01857,0.00148,0.00073,0.60665,0.00705,0.07586,377.07040,70.46765,22.98269,3.66069,0.18077,0.11593,0.01851,0.00149,0.00077,0.60932,0.02451,0.07901,"MCMC posterior below is SECONDARY/exploratory, NOT the primary uncertainty. 4 convergence attempts (emcee x3 parametrizations, dynesty nested sampling) all failed to converge -- points to a real transit-geometry degeneracy (a_over_rs/b, then rp_over_rs/b under dynesty), not a fixable sampler issue. See results/module3_convergence_diagnosis.md. Primary uncertainty is lsq_boot_* (parametric residual bootstrap on the LSQ fit).",False,0.2292,363.52,832,15.070572,0.000810,0.000689,1394.717026,0.031661,0.035560,0.019633,0.004209,0.030786,25.945292,15.288440,15.885882,88.379514,3.761587,1.228771,0.761475,0.469601,0.242958,367.776181,111.883592,139.115049,3.040062,1.061666,0.889470,0.704185,0.492977,0.648285,-0.033533,0.495636,0.461341,5.1181,0.000500,0.000500,1.7294e-05,3.55887e-06,-4.762,-5.449,0.00512,0.00214,2.2006,1.9533,116,2000,5,320.73,599.27,-278.54,920.00,n=5 too small for exact 90% level; using max score (conservative)
TOI-5126 c,benchmark,ok,,NASA Exoplanet Archive,17.8999,2613.744299999904,5.34,4000,True,20.13,5.2852,0.9579,0.00567,0.50437,0.61457,False,,300,300,300,320,62.05518,60.67006,111.57896,5.13712,2.47320,0.75562,0.00964,0.00666,0.00818,0.95756,0.06266,0.04334,88.37793,78.25471,134.05676,5.27857,2.19242,1.17827,0.01172,0.00787,0.00913,0.95669,0.05028,0.04379,"MCMC posterior below is SECONDARY/exploratory, NOT the primary uncertainty. 4 convergence attempts (emcee x3 parametrizations, dynesty nested sampling) all failed to converge -- points to a real transit-geometry degeneracy (a_over_rs/b, then rp_over_rs/b under dynesty), not a fixable sampler issue. See results/module3_convergence_diagnosis.md. Primary uncertainty is lsq_boot_* (parametric residual bootstrap on the LSQ fit).",False,0.1947,333.11,896,17.945206,0.279993,0.228895,2613.714158,0.128668,0.168975,0.004808,0.002595,0.003632,13.687970,5.649336,16.608022,88.150851,4.271639,1.465024,0.552378,0.390300,0.366968,23.788752,18.518493,38.602199,7.009388,3.479616,4.461759,0.609416,0.439411,0.634468,-0.001222,0.463816,0.431549,0.0000,0.419290,0.402299,0.41929,0.402299,-0.377,-0.395,0.00890,0.00367,1.9805,1.4918,320,2000,5,0.00,0.00,0.00,0.00,n=5 too small for exact 90% level; using max score (conservative)
TOI-244 b,benchmark,ok,,NASA Exoplanet Archive,7.397225,1357.3626999999397,1.7,4000,True,117.91,1.3971,0.8097,0.01130,0.37631,0.61169,False,,300,300,300,102,117.90789,23.75103,105.03008,1.39707,0.09790,0.14276,0.01130,0.00103,0.00482,0.80973,0.00030,0.05729,117.90984,31.54027,68.17342,1.39707,0.11629,0.08784,0.01130,0.00095,0.00285,0.80973,0.00000,0.06007,"MCMC posterior below is SECONDARY/exploratory, NOT the primary uncertainty. 4 convergence attempts (emcee x3 parametrizations, dynesty nested sampling) all failed to converge -- points to a real transit-geometry degeneracy (a_over_rs/b, then rp_over_rs/b under dynesty), not a fixable sampler issue. See results/module3_convergence_diagnosis.md. Primary uncertainty is lsq_boot_* (parametric residual bootstrap on the LSQ fit).",False,0.1855,342.66,896,7.399015,0.105177,0.098006,1357.365812,0.050815,0.045958,0.007918,0.004690,0.008608,18.038297,9.164969,19.886253,88.378767,4.435517,1.270615,0.617932,0.421254,0.335169,58.791659,48.903297,142.322722,2.050711,0.997681,1.406398,0.649115,0.463489,0.589603,-0.062440,0.403028,0.441211,-1.0746,0.886557,0.868066,0.886557,0.868066,-0.052,-0.061,0.00319,0.00195,2.3166,2.2790,102,2000,8,0.00,432.64,-432.64,432.64,n=8 too small for exact 90% level; using max score (conservative)
TOI-2337 b,benchmark,ok,,NASA Exoplanet Archive,2.99432,1793.8280000002123,6.9172309,4000,True,104.77,6.8250,0.5468,0.00891,0.98819,0.76633,True,"q1 pinned within 0.01 of a prior bound (q1=0.9882, q2=0.7663 -> u1=1.524, u2=-0.529). LSQ/bootstrap likely fitting an unphysical LD shape to compensate for a model mismatch (e.g. grazing/blended/EB geometry); the lsq_boot_* interval for this target may be an artificially tight numerical artifact, not genuine precision -- see results/module3_convergence_diagnosis.md.",300,300,300,21,141.39073,36.85583,129.04672,6.82501,0.49997,1.29367,0.01051,0.00161,0.00431,0.54680,0.02005,0.02292,155.59134,52.60854,107.36415,6.82488,1.00920,0.87255,0.01116,0.00226,0.00363,0.54680,0.01095,0.06258,"MCMC posterior below is SECONDARY/exploratory, NOT the primary uncertainty. 4 convergence attempts (emcee x3 parametrizations, dynesty nested sampling) all failed to converge -- points to a real transit-geometry degeneracy (a_over_rs/b, then rp_over_rs/b under dynesty), not a fixable sampler issue. See results/module3_convergence_diagnosis.md. Primary uncertainty is lsq_boot_* (parametric residual bootstrap on the LSQ fit).",False,0.1410,392.22,768,2.988593,0.034885,0.039881,1793.821504,0.191307,0.198750,0.011119,0.007183,0.012611,2.321058,0.778081,1.991845,79.406916,15.417614,7.656800,0.500659,0.330500,0.335930,136.488157,119.588467,419.786500,7.720961,3.878992,6.109381,0.646731,0.426735,0.577491,-0.070051,0.380365,0.385820,,,,,,,,,,nan,nan,,,0,,,,,need >=4 epochs for a calibrated interval
TOI-1533 b,benchmark,ok,,NASA Exoplanet Archive,3.6457974,2877.6762000001036,2.07,4000,True,719.02,1.6008,0.5683,0.02618,0.11059,0.06094,False,,300,300,300,31,719.01900,84.67914,0.00727,1.60079,0.03361,0.01345,0.02618,0.00176,0.00000,0.56833,0.19208,0.04882,719.01923,80.68086,0.00271,1.60079,0.03299,0.02566,0.02618,0.00156,0.00000,0.56833,0.13983,0.07954,"MCMC posterior below is SECONDARY/exploratory, NOT the primary uncertainty. 4 convergence attempts (emcee x3 parametrizations, dynesty nested sampling) all failed to converge -- points to a real transit-geometry degeneracy (a_over_rs/b, then rp_over_rs/b under dynesty), not a fixable sampler issue. See results/module3_convergence_diagnosis.md. Primary uncertainty is lsq_boot_* (parametric residual bootstrap on the LSQ fit).",False,0.3053,245.16,1248,3.645807,0.000023,0.000020,2877.674576,0.002478,0.003947,0.026266,0.002250,0.003674,13.977210,5.078482,3.175269,87.596445,3.145043,1.708319,0.590094,0.387610,0.280643,756.297497,81.645609,81.623037,1.672822,0.106826,0.155147,0.505471,0.352535,0.556012,0.069383,0.419535,0.422938,12.5815,0.000500,0.000500,4.24113e-11,2.75195e-10,-10.373,-9.560,0.00636,0.00653,2.7740,2.6592,31,2000,24,827.42,516.29,311.13,1343.71,
TOI-5126 b,benchmark,ok,,NASA Exoplanet Archive,5.4588385,2627.038619999774,3.726,4000,True,44.93,4.8224,1.0170,0.02384,0.02315,0.32340,False,,300,300,300,96,74.33795,54.93684,160.99403,3.81437,2.24432,3.09834,0.02251,0.00604,0.00738,1.01567,0.03220,0.00262,67.96013,47.76406,186.93935,3.97702,2.43627,2.44044,0.02236,0.00507,0.00678,1.01552,0.02621,0.00276,"MCMC posterior below is SECONDARY/exploratory, NOT the primary uncertainty. 4 convergence attempts (emcee x3 parametrizations, dynesty nested sampling) all failed to converge -- points to a real transit-geometry degeneracy (a_over_rs/b, then rp_over_rs/b under dynesty), not a fixable sampler issue. See results/module3_convergence_diagnosis.md. Primary uncertainty is lsq_boot_* (parametric residual bootstrap on the LSQ fit).",False,0.1614,388.67,768,5.462025,0.080939,0.079128,2627.030501,0.102488,0.113094,0.005941,0.003526,0.014204,5.603016,2.826892,6.140705,83.964401,15.162533,4.527265,0.711511,0.438956,0.283279,29.841021,23.892227,64.999257,4.210284,2.028210,3.450521,0.721254,0.486707,0.681149,-0.098274,0.445226,0.451954,-0.2856,0.412794,0.411294,0.412794,0.411294,-0.384,-0.386,0.00529,0.00504,1.7784,1.4850,96,2000,19,0.00,55.09,-55.09,55.09,
TOI-824 b,benchmark,ok,,NASA Exoplanet Archive,1.392978,1639.60354000004,1.15344,4000,True,1451.13,1.1734,0.4719,0.03336,0.98655,0.45511,True,"q1 pinned within 0.01 of a prior bound (q1=0.9865, q2=0.4551 -> u1=0.904, u2=0.089). LSQ/bootstrap likely fitting an unphysical LD shape to compensate for a model mismatch (e.g. grazing/blended/EB geometry); the lsq_boot_* interval for this target may be an artificially tight numerical artifact, not genuine precision -- see results/module3_convergence_diagnosis.md.",300,300,300,9,1381.02989,163.75174,70.10242,1.17338,0.05235,0.01334,0.03313,0.00185,0.00024,0.47545,0.00360,0.03895,1451.13189,241.67048,0.00049,1.17338,0.05401,0.01398,0.03336,0.00206,0.00000,0.47185,0.00000,0.04259,"MCMC posterior below is SECONDARY/exploratory, NOT the primary uncertainty. 4 convergence attempts (emcee x3 parametrizations, dynesty nested sampling) all failed to converge -- points to a real transit-geometry degeneracy (a_over_rs/b, then rp_over_rs/b under dynesty), not a fixable sampler issue. See results/module3_convergence_diagnosis.md. Primary uncertainty is lsq_boot_* (parametric residual bootstrap on the LSQ fit).",False,0.2735,314.84,960,1.392974,0.000002,0.000002,1639.604590,0.000975,0.001028,0.034742,0.003324,0.005163,7.243170,2.695386,2.495589,84.510790,6.065304,4.103705,0.699575,0.458288,0.213683,1282.657553,77.262162,76.933339,1.133656,0.060398,0.072888,0.623440,0.425218,0.440370,0.035030,0.352743,0.440734,22.9782,0.000500,0.000500,3.59692e-24,2.01992e-21,-23.444,-20.695,0.00732,0.00722,1.9369,2.0287,9,2000,72,1513.28,986.25,527.03,2499.52,
TOI-6109 b,benchmark,ok,,NASA Exoplanet Archive,5.690476,1791.0537999998778,1.107,4000,True,467.62,1.0899,0.6965,0.02130,0.98538,0.98509,True,"q1, q2 pinned within 0.01 of a prior bound (q1=0.9854, q2=0.9851 -> u1=1.956, u2=-0.963). LSQ/bootstrap likely fitting an unphysical LD shape to compensate for a model mismatch (e.g. grazing/blended/EB geometry); the lsq_boot_* interval for this target may be an artificially tight numerical artifact, not genuine precision -- see results/module3_convergence_diagnosis.md.",300,300,300,100,467.62731,0.01316,77.94316,1.08987,0.09281,0.00000,0.02130,0.00000,0.00237,0.69651,0.00000,0.00447,467.61923,0.00633,74.77333,1.08987,0.08572,0.00057,0.02130,0.00000,0.00153,0.69651,0.00014,0.00581,"MCMC posterior below is SECONDARY/exploratory, NOT the primary uncertainty. 4 convergence attempts (emcee x3 parametrizations, dynesty nested sampling) all failed to converge -- points to a real transit-geometry degeneracy (a_over_rs/b, then rp_over_rs/b under dynesty), not a fixable sampler issue. See results/module3_convergence_diagnosis.md. Primary uncertainty is lsq_boot_* (parametric residual bootstrap on the LSQ fit).",False,0.1846,344.64,864,5.677215,0.073728,0.086829,1791.049373,0.028361,0.035129,0.008149,0.004939,0.008112,20.488358,11.285068,20.483191,88.658710,4.688426,0.987511,0.594307,0.396524,0.370366,54.455335,45.682686,134.089186,1.474907,0.670442,0.847724,0.678753,0.471820,0.567365,-0.048509,0.404037,0.434635,0.0000,0.597201,0.615692,0.597201,0.615692,-0.224,-0.211,0.00287,0.00472,2.4050,2.2269,100,2000,4,0.00,0.00,0.00,0.00,n=4 too small for exact 90% level; using max score (conservative)
TOI-1470 c,benchmark,ok,,NASA Exoplanet Archive,18.08816,1772.1759999999776,2.7,1404,True,2072.66,2.6395,0.4022,0.04501,0.01145,0.27834,True,"q1 pinned within 0.01 of a prior bound (q1=0.0114, q2=0.2783 -> u1=0.060, u2=0.047). LSQ/bootstrap likely fitting an unphysical LD shape to compensate for a model mismatch (e.g. grazing/blended/EB geometry); the lsq_boot_* interval for this target may be an artificially tight numerical artifact, not genuine precision -- see results/module3_convergence_diagnosis.md.",300,300,300,81,1982.29251,316.57949,90.77747,2.63951,0.06492,0.04381,0.04324,0.00337,0.00177,0.40221,0.40020,0.06540,1999.59374,283.86618,73.06608,2.63888,0.08612,0.01895,0.04363,0.00315,0.00139,0.40221,0.40018,0.05783,"MCMC posterior below is SECONDARY/exploratory, NOT the primary uncertainty. 4 convergence attempts (emcee x3 parametrizations, dynesty nested sampling) all failed to converge -- points to a real transit-geometry degeneracy (a_over_rs/b, then rp_over_rs/b under dynesty), not a fixable sampler issue. See results/module3_convergence_diagnosis.md. Primary uncertainty is lsq_boot_* (parametric residual bootstrap on the LSQ fit).",False,0.2156,396.26,768,18.088336,0.000248,0.000409,1772.185150,0.010846,0.011266,0.037078,0.009318,0.103843,42.590287,23.687402,30.857607,89.093169,2.700183,0.715518,0.739313,0.490202,0.354014,1255.501655,496.642235,379.468704,2.152826,0.519224,0.751671,0.582470,0.409384,0.603969,-0.020482,0.433753,0.446164,6.7205,0.000500,0.000500,2.54504e-06,1.30346e-05,-5.594,-4.885,0.00741,0.00516,2.5246,2.9800,81,2000,3,1706.47,,,,need >=4 epochs for a calibrated interval
LHS 1903 d,benchmark,ok,,NASA Exoplanet Archive,12.566287,1844.3900999999605,2.762,4000,True,186.04,1.9187,1.0043,0.02348,0.03544,0.33723,False,,300,300,300,249,315.11731,129.69631,293.65587,1.91563,0.79055,0.26353,0.02501,0.00302,0.01301,1.00356,0.02570,0.00790,284.08356,100.48514,264.73313,1.91706,0.76956,0.33388,0.02409,0.00334,0.01493,1.00399,0.02717,0.00757,"MCMC posterior below is SECONDARY/exploratory, NOT the primary uncertainty. 4 convergence attempts (emcee x3 parametrizations, dynesty nested sampling) all failed to converge -- points to a real transit-geometry degeneracy (a_over_rs/b, then rp_over_rs/b under dynesty), not a fixable sampler issue. See results/module3_convergence_diagnosis.md. Primary uncertainty is lsq_boot_* (parametric residual bootstrap on the LSQ fit).",False,0.1575,411.22,736,12.606139,0.179288,0.145241,1844.384754,0.075822,0.075503,0.013409,0.009399,0.123101,14.540917,9.710791,15.222743,87.006712,11.134541,2.448298,0.798517,0.516347,0.329111,84.482887,72.685038,195.265071,3.737771,1.993422,2.244894,0.548592,0.401274,0.702088,0.028088,0.457066,0.431551,0.0000,0.517241,0.577211,0.517241,0.577211,-0.286,-0.239,0.00437,0.01320,2.3809,1.9212,249,2000,1,0.00,,,,need >=4 epochs for a calibrated interval
NGTS-20 b,benchmark,ok,,NASA Exoplanet Archive,54.18915,1432.9797999998555,4.55,4000,True,4272.84,4.5500,0.3000,0.06089,0.30000,0.30000,False,,300,300,300,28,4272.84390,0.00000,0.00000,4.55002,0.00000,0.00000,0.06089,0.00000,0.00000,0.30000,0.00000,0.00000,4272.84390,0.00000,0.00000,4.55002,0.00000,0.00000,0.06089,0.00000,0.00000,0.30000,0.00000,0.00000,"MCMC posterior below is SECONDARY/exploratory, NOT the primary uncertainty. 4 convergence attempts (emcee x3 parametrizations, dynesty nested sampling) all failed to converge -- points to a real transit-geometry degeneracy (a_over_rs/b, then rp_over_rs/b under dynesty), not a fixable sampler issue. See results/module3_convergence_diagnosis.md. Primary uncertainty is lsq_boot_* (parametric residual bootstrap on the LSQ fit).",False,0.1961,323.84,928,53.910222,0.551452,0.568987,1432.982581,0.123669,0.126583,0.485368,0.328326,0.272965,71.415345,30.715456,73.802688,89.505670,0.921142,0.363390,0.704327,0.465082,0.502454,94164.897142,87150.656922,304248.696161,6.558072,3.241200,3.225621,0.597433,0.402139,0.630468,-0.006269,0.462739,0.460009,,,,,,,,,,nan,nan,,,0,,,,,need >=4 epochs for a calibrated interval
DS Tuc A b,benchmark,ok,,NASA Exoplanet Archive,8.138268,1332.3099699998274,3.1764,4000,True,48.92,2.2928,0.9212,0.00866,0.44723,0.98771,True,"q2 pinned within 0.01 of a prior bound (q1=0.4472, q2=0.9877 -> u1=1.321, u2=-0.652). LSQ/bootstrap likely fitting an unphysical LD shape to compensate for a model mismatch (e.g. grazing/blended/EB geometry); the lsq_boot_* interval for this target may be an artificially tight numerical artifact, not genuine precision -- see results/module3_convergence_diagnosis.md.",300,300,300,143,50.56789,16.77196,81.73230,2.29285,0.22396,0.43511,0.00880,0.00177,0.00545,0.92116,0.00969,0.02760,53.43817,19.12317,78.43320,2.29285,0.28006,0.35498,0.00901,0.00211,0.00494,0.92116,0.02690,0.02160,"MCMC posterior below is SECONDARY/exploratory, NOT the primary uncertainty. 4 convergence attempts (emcee x3 parametrizations, dynesty nested sampling) all failed to converge -- points to a real transit-geometry degeneracy (a_over_rs/b, then rp_over_rs/b under dynesty), not a fixable sampler issue. See results/module3_convergence_diagnosis.md. Primary uncertainty is lsq_boot_* (parametric residual bootstrap on the LSQ fit).",False,0.1954,324.47,928,8.147435,0.119889,0.111653,1332.308648,0.092326,0.094084,0.004380,0.002326,0.003464,10.206992,4.711864,10.571470,87.326871,6.271640,1.920424,0.596161,0.374562,0.310142,18.499851,14.000878,39.552346,4.545368,2.251197,2.465541,0.577298,0.406679,0.623623,0.039595,0.477638,0.409925,0.0000,0.481259,0.496752,0.481259,0.496752,-0.318,-0.304,0.00582,0.00580,2.2872,2.0508,143,2000,3,0.00,,,,need >=4 epochs for a calibrated interval
TOI-1135 b,benchmark,ok,,NASA Exoplanet Archive,8.0277327,3466.3079300001264,4.4616,4000,True,623.82,3.2207,0.6845,0.02428,0.36490,0.15472,False,,300,300,300,45,618.73027,134.24213,5.08594,3.22072,0.10251,0.02704,0.02403,0.00219,0.00025,0.68454,0.00559,0.05777,612.63659,110.51902,11.17750,3.22072,0.09128,0.02390,0.02376,0.00187,0.00052,0.68454,0.01466,0.04078,"MCMC posterior below is SECONDARY/exploratory, NOT the primary uncertainty. 4 convergence attempts (emcee x3 parametrizations, dynesty nested sampling) all failed to converge -- points to a real transit-geometry degeneracy (a_over_rs/b, then rp_over_rs/b under dynesty), not a fixable sampler issue. See results/module3_convergence_diagnosis.md. Primary uncertainty is lsq_boot_* (parametric residual bootstrap on the LSQ fit).",False,0.3085,244.45,1248,8.028024,0.000272,0.000251,3466.357860,0.058100,0.054211,0.024106,0.001465,0.002112,16.494105,5.284570,2.795409,88.202116,2.441614,1.301560,0.508359,0.349453,0.315837,640.856899,49.263594,57.726704,3.259212,0.184916,0.186034,0.412630,0.274289,0.443116,0.121212,0.376538,0.380492,16.9785,0.000500,0.000500,4.17666e-17,2.6227e-12,-16.379,-11.581,0.00329,0.00781,0.6798,2.4032,45,2000,13,479.98,1823.54,-1343.56,2303.52,
TOI-7510 c,benchmark,ok,,NASA Exoplanet Archive,22.5687423,1664.1570450002328,5.2019019,936,True,3944.92,5.4505,0.3242,0.06195,0.01001,0.46474,True,"q1 pinned within 0.01 of a prior bound (q1=0.0100, q2=0.4647 -> u1=0.093, u2=0.007). LSQ/bootstrap likely fitting an unphysical LD shape to compensate for a model mismatch (e.g. grazing/blended/EB geometry); the lsq_boot_* interval for this target may be an artificially tight numerical artifact, not genuine precision -- see results/module3_convergence_diagnosis.md.",300,300,300,156,3944.91461,132.41136,94.47514,5.45050,0.07139,0.02203,0.06195,0.00266,0.00000,0.32420,0.31104,0.04164,3944.91632,110.42888,108.28589,5.45050,0.05663,0.05933,0.06195,0.00114,0.00011,0.32420,0.31898,0.01497,"MCMC posterior below is SECONDARY/exploratory, NOT the primary uncertainty. 4 convergence attempts (emcee x3 parametrizations, dynesty nested sampling) all failed to converge -- points to a real transit-geometry degeneracy (a_over_rs/b, then rp_over_rs/b under dynesty), not a fixable sampler issue. See results/module3_convergence_diagnosis.md. Primary uncertainty is lsq_boot_* (parametric residual bootstrap on the LSQ fit).",False,0.2720,225.98,1344,22.569073,0.001273,0.001368,1664.165175,0.152483,0.141449,0.061464,0.001676,0.001733,31.903151,3.418155,1.649888,89.468400,0.538505,0.380466,0.293553,0.201457,0.235780,3922.328211,216.640398,230.834270,5.493536,0.122618,0.126523,0.074061,0.054504,0.118471,0.032435,0.076402,0.117035,18.8047,0.000500,0.000500,7.96973e-19,1.76683e-10,-18.099,-9.753,0.00251,0.01118,2.2751,3.1412,156,2000,1,3936.41,,,,need >=4 epochs for a calibrated interval
TOI-2449 b,benchmark,ok,,NASA Exoplanet Archive,106.14468,2153.593400000129,8.26,482,True,11709.06,8.2600,0.3000,0.10084,0.30000,0.30000,False,,300,300,300,120,11709.05529,0.00000,0.00000,8.26003,0.00000,0.00000,0.10084,0.00000,0.00000,0.30000,0.00000,0.00000,11709.05529,0.00000,0.00000,8.26003,0.00000,0.00000,0.10084,0.00000,0.00000,0.30000,0.00000,0.00000,"MCMC posterior below is SECONDARY/exploratory, NOT the primary uncertainty. 4 convergence attempts (emcee x3 parametrizations, dynesty nested sampling) all failed to converge -- points to a real transit-geometry degeneracy (a_over_rs/b, then rp_over_rs/b under dynesty), not a fixable sampler issue. See results/module3_convergence_diagnosis.md. Primary uncertainty is lsq_boot_* (parametric residual bootstrap on the LSQ fit).",False,0.1835,341.96,896,106.297356,1.567445,1.376832,2153.554824,0.204850,0.243510,0.483267,0.319484,0.293875,82.909810,36.767697,78.740751,89.548876,0.851917,0.339832,0.765005,0.502828,0.504892,97377.116188,89958.931884,257211.346221,10.897103,5.348434,6.893698,0.635281,0.415481,0.550874,-0.034404,0.412293,0.492310,,,,,,,,,,nan,nan,,,0,,,,,need >=4 epochs for a calibrated interval
TOI-6564 b,benchmark,ok,,NASA Exoplanet Archive,3.985413,3071.3702699998394,4.53,4000,True,1651.66,4.1810,0.3895,0.03835,0.09447,0.96247,False,,300,300,300,37,1651.65858,147.11426,0.10628,4.18100,0.04642,0.01971,0.03835,0.00113,0.00001,0.38950,0.14265,0.07607,1651.65941,146.91195,0.05339,4.18100,0.03942,0.02041,0.03835,0.00097,0.00000,0.38950,0.12568,0.08842,"MCMC posterior below is SECONDARY/exploratory, NOT the primary uncertainty. 4 convergence attempts (emcee x3 parametrizations, dynesty nested sampling) all failed to converge -- points to a real transit-geometry degeneracy (a_over_rs/b, then rp_over_rs/b under dynesty), not a fixable sampler issue. See results/module3_convergence_diagnosis.md. Primary uncertainty is lsq_boot_* (parametric residual bootstrap on the LSQ fit).",False,0.3354,179.32,1696,3.985340,0.000026,0.000038,3071.388099,0.009900,0.006625,0.037646,0.001479,0.001653,7.019909,1.030148,0.476597,87.088001,2.884723,2.023548,0.357392,0.242191,0.254426,1687.382937,103.124533,96.359475,4.237139,0.099573,0.109680,0.631023,0.354486,0.338961,-0.043506,0.305005,0.391561,20.4263,0.000500,0.000500,4.28993e-20,2.69813e-20,-19.368,-19.569,0.00301,0.00503,1.4809,1.4452,37,2000,25,1732.92,1378.47,354.45,3111.39,
TOI-519 b,benchmark,ok,,NASA Exoplanet Archive,1.2652328,2013.1529899998568,1.236,4000,True,75204.87,1.1633,0.0001,0.27191,0.01000,0.01000,True,"q1, q2 pinned within 0.01 of a prior bound (q1=0.0100, q2=0.0100 -> u1=0.002, u2=0.098). LSQ/bootstrap likely fitting an unphysical LD shape to compensate for a model mismatch (e.g. grazing/blended/EB geometry); the lsq_boot_* interval for this target may be an artificially tight numerical artifact, not genuine precision -- see results/module3_convergence_diagnosis.md.",300,300,300,9,75204.87286,3210.83292,0.00044,1.16334,0.02083,0.00000,0.27191,0.00696,0.00000,0.00014,0.00000,0.13274,75204.87290,2732.15194,0.00040,1.16334,0.01957,0.00000,0.27191,0.00750,0.00000,0.00014,0.00000,0.09252,"MCMC posterior below is SECONDARY/exploratory, NOT the primary uncertainty. 4 convergence attempts (emcee x3 parametrizations, dynesty nested sampling) all failed to converge -- points to a real transit-geometry degeneracy (a_over_rs/b, then rp_over_rs/b under dynesty), not a fixable sampler issue. See results/module3_convergence_diagnosis.md. Primary uncertainty is lsq_boot_* (parametric residual bootstrap on the LSQ fit).",False,0.2994,221.47,1376,1.265233,0.000000,0.000000,2013.152878,0.000264,0.000279,0.271321,0.002860,0.002549,10.488348,0.158591,0.146884,89.494925,0.523941,0.355139,0.094088,0.066181,0.097485,75401.305702,1156.381218,1343.796959,1.169446,0.013426,0.013890,0.033756,0.025168,0.048802,0.042007,0.047643,0.114275,72.9569,0.000500,0.000500,6.92607e-73,1.23021e-66,-72.160,-65.910,0.00112,0.00104,1.8328,1.8296,9,2000,74,76920.29,32090.50,44829.79,109010.79,
TOI-6894 b,benchmark,ok,,NASA Exoplanet Archive,3.37077196,3313.4116699998267,1.422,1526,True,124047.42,1.3120,0.0000,0.34923,0.01000,0.01000,True,"q1, q2 pinned within 0.01 of a prior bound (q1=0.0100, q2=0.0100 -> u1=0.002, u2=0.098). LSQ/bootstrap likely fitting an unphysical LD shape to compensate for a model mismatch (e.g. grazing/blended/EB geometry); the lsq_boot_* interval for this target may be an artificially tight numerical artifact, not genuine precision -- see results/module3_convergence_diagnosis.md.",300,300,300,43,124041.69030,6280.60323,6.40466,1.31197,0.03979,0.00405,0.34920,0.01528,0.00003,0.00001,0.00000,0.14683,124043.00090,5572.62053,3.59412,1.31196,0.03037,0.00011,0.34922,0.01016,0.00001,0.00001,0.00000,0.15945,"MCMC posterior below is SECONDARY/exploratory, NOT the primary uncertainty. 4 convergence attempts (emcee x3 parametrizations, dynesty nested sampling) all failed to converge -- points to a real transit-geometry degeneracy (a_over_rs/b, then rp_over_rs/b under dynesty), not a fixable sampler issue. See results/module3_convergence_diagnosis.md. Primary uncertainty is lsq_boot_* (parametric residual bootstrap on the LSQ fit).",False,0.3098,219.48,1408,3.370657,0.000180,0.000190,3313.409985,0.002059,0.002350,0.338692,0.010430,0.009719,25.326635,1.027354,0.830042,89.707219,0.312875,0.202307,0.131543,0.092207,0.130040,126562.585068,3876.271556,4237.423770,1.351997,0.036233,0.040664,0.149587,0.110053,0.209026,0.177900,0.205827,0.364531,39.3156,0.000500,0.000500,4.33527e-37,9.83729e-33,-36.363,-32.007,0.00477,0.01051,1.7579,1.8779,43,2000,6,127462.78,37383.52,90079.26,164846.29,n=6 too small for exact 90% level; using max score (conservative)
